Source	Target	Count
5	5	52766
2	5	122
2	2	426
2	6	9
2	7	2557
2	9	21
2	3	23
2	10	21
1	5	122
4	11	70
3	3	132530
1	3	2
1	7	1
4	12	2
4	13	6
4	14	10
4	15	2
4	16	2
4	17	2
5	1	10
4	18	2
4	5	2
4	19	2
4	20	2
3	21	2990
6	9	78
6	5	1
6	2	4
7	7	15459
11	11	6425
11	12	9
11	13	11
11	14	45
11	15	13
11	16	31
11	17	5
11	18	3
11	27	6
7	9	10
7	5	570
7	3	50
7	10	11
11	5	27
11	19	3
11	20	8
5	7	6
7	2	1908
7	22	9
9	6	4
10	10	2749
10	23	12
10	24	5
10	3	335
10	25	147
10	2	163
10	26	148
13	13	7063
14	14	27
14	27	1
13	15	171
13	14	180
13	28	1
5	3	542
14	11	10
14	13	4
14	15	5
15	15	41
3	14	4
13	27	170
16	11	33
16	16	50
13	16	3
18	18	1862
11	3	7
19	19	947
3	32	2
3	25	3
3	33	1
3	5	28
3	2	1
3	27	3
18	27	82
18	30	93
18	31	80
13	11	6
5	11	33
5	13	14
20	20	6318
20	15	59
20	34	8
20	35	8
20	36	8
20	37	16
20	38	8
20	25	6
20	39	6
20	40	6
20	41	6
20	27	29
20	42	6
20	43	6
20	44	6
20	30	8
20	45	6
20	46	5
20	18	14
20	4	6
21	3	43
21	21	1
9	9	24834
7	47	8
7	49	33
9	2	1366
25	51	576
25	25	11135
25	3	579
26	26	3007
26	10	591
9	50	5
22	7	1
23	23	3310
23	10	560
24	24	25
24	23	1
24	2	1
24	6	1
23	6	329
23	2	329
7	52	1
7	53	84
7	50	9
7	54	25
27	5	60
11	55	3
5	56	3
15	27	1
15	13	1
3	51	13
3	58	2
15	11	1
5	9	6
5	57	6
27	27	23
27	56	14
30	5	149
31	5	38
3	59	317
3	47	972
30	30	33
31	31	4
32	32	32
32	51	6
32	61	6
33	33	9700
33	5	450
33	51	458
5	14	4
36	36	36
36	62	4
36	63	2
36	30	3
35	5	10
37	37	46
35	35	1968
44	5	125
45	5	69
43	43	8
43	5	106
44	44	10
46	46	1
45	45	8
46	73	1
46	34	1
39	39	16203
39	37	32
40	5	77
39	64	53
39	5	4942
39	65	100
39	66	44
39	67	12
39	68	9
41	5	37
40	69	2
40	70	2
40	35	2
40	40	7
39	40	8
39	72	8
39	71	17
39	3	701
41	41	3
42	5	92
42	42	14
9	44	14
47	47	2049
49	49	8959
47	59	17
49	5	2062
49	3	376
49	2	293
9	5	10
23	26	1
3	24	30
51	5	109
51	77	1
51	78	1
51	3	3
51	7	1
51	25	2
51	10	1
51	47	2
51	51	16
50	5	50
50	50	7
26	6	261
26	2	261
7	42	5
52	5	22
52	52	1
7	43	7
7	79	1
50	49	1
54	5	295
54	88	25
54	54	23
5	89	2
5	25	36
53	53	3765
53	80	163
53	81	153
53	82	156
53	83	151
53	84	151
53	85	151
53	86	151
5	90	4
50	87	3
5	2	176
5	78	19
3	44	14
11	91	13
55	47	69
55	55	3
56	5	16
56	56	100
56	92	5
56	93	5
56	94	5
56	95	5
56	96	5
56	97	5
56	99	5
56	98	5
56	100	5
56	101	5
56	88	5
56	102	5
56	103	5
56	87	5
56	104	5
56	105	5
56	106	5
56	107	8
56	108	5
56	109	5
56	110	5
56	111	5
56	112	10
56	113	5
56	114	5
56	115	5
56	116	5
56	117	5
56	118	5
56	119	5
56	120	5
56	121	5
56	122	5
56	123	5
56	125	5
56	124	5
56	127	5
56	126	5
56	128	5
56	129	5
56	130	5
56	131	5
56	133	5
56	132	5
56	135	5
56	134	5
56	57	7
56	136	5
57	5	64
57	57	809
15	59	4
15	47	4
58	58	13
58	3	4
58	5	4
58	137	4
11	138	4
11	29	5
3	139	11
3	4	1
3	15	2
3	11	4
59	59	822
59	47	445
47	141	9
18	20	3
5	31	1
5	139	2
61	5	50
61	61	2
19	5	1
5	49	72
56	15	1
19	142	1
19	93	1
63	63	424
62	27	3
30	111	21
30	40	1
30	63	1
30	62	1
20	33	1
5	35	24
5	43	2
5	51	4
62	36	2
63	30	388
63	36	774
63	18	386
64	64	533013
66	39	1176
66	145	231
66	71	226
66	66	6077
67	67	40
67	39	16
68	39	13
68	68	20
68	37	1
65	39	8704
65	69	11
65	65	25329
63	31	386
63	27	386
39	143	2
64	39	8217
64	37	1623
64	144	863
64	65	3226
64	67	1618
65	5	11
5	95	7
70	35	2
70	146	2
70	30	2
70	40	2
70	39	2
5	94	1
39	111	8
35	40	2
35	70	2
71	147	42
71	39	252
71	145	42
71	71	448
71	37	42
71	144	42
71	64	42
71	65	84
71	67	42
72	30	1
69	5	1
70	70	3
5	109	2
34	34	1
73	5	88
73	42	9
73	107	7
44	109	3
9	52	2
9	53	18
9	54	49
20	148	1
71	5	42
39	145	5
5	42	1
9	149	51
9	42	79
9	150	44
9	151	9
49	9	86
9	152	19
47	5	3
49	153	12
49	154	11
49	156	2
9	45	38
9	157	12
49	158	2
9	65	2
9	159	63
9	49	6
9	61	51
5	160	3
5	50	3
10	33	4
10	78	3
10	9	3
77	77	9437
78	78	11853
77	5	341
77	161	398
78	5	384
5	163	6
7	44	7
7	164	1
5	112	8
79	79	79
79	43	1
84	84	131
5	87	3
7	165	2
80	53	164
80	80	237
80	166	23
53	5	1
82	82	514
82	81	44
82	53	51
82	83	53
82	84	44
82	85	44
82	86	44
83	83	165
83	81	18
83	53	20
83	82	19
83	84	18
83	85	18
83	86	18
84	81	16
84	53	17
84	82	16
84	83	16
84	85	16
84	86	16
5	88	7
88	15	1
89	89	285
7	141	4
89	151	37
89	168	37
5	169	4
3	141	37
136	92	1
135	92	1
3	42	5
93	92	11
95	92	18
94	92	2
97	92	2
57	92	12
98	92	2
96	92	2
100	92	1
99	92	1
88	92	11
101	92	1
102	92	1
87	92	4
103	92	1
104	92	17
105	92	6
106	92	2
107	92	5
109	92	14
108	92	8
110	92	15
111	92	13
112	92	14
113	92	5
114	92	14
115	92	2
116	92	1
118	92	1
117	92	1
119	92	1
120	92	1
122	92	1
121	92	1
123	92	3
125	92	1
124	92	5
126	92	4
127	92	1
128	92	1
129	92	1
132	92	1
130	92	1
131	92	1
133	92	1
134	92	1
137	5	30
58	92	1
137	137	1
3	13	1
29	11	35
29	12	1
29	13	3
29	14	5
29	15	1
29	16	1
29	17	1
29	18	1
139	5	162
29	5	1
29	19	1
29	20	1
139	139	12
141	5	492
141	141	35
18	51	3
18	141	1
25	109	5
5	104	3
139	114	5
142	5	105
93	5	296
93	93	16475
93	94	10
93	95	10
93	114	10
93	96	10
93	56	10
93	97	10
93	99	10
93	98	10
93	100	10
93	101	10
93	88	10
93	102	10
93	103	10
93	87	10
93	104	10
93	105	10
93	106	10
93	107	10
93	108	10
93	109	10
93	110	10
93	111	10
93	112	20
93	113	10
93	115	10
93	116	10
93	117	10
93	118	10
93	119	10
93	120	10
93	121	10
93	122	10
93	123	10
93	125	10
142	19	3
93	124	10
93	127	10
93	126	10
93	128	10
93	129	10
93	130	10
93	131	10
93	133	10
93	132	10
93	135	10
93	134	10
93	57	10
93	136	10
142	142	7
27	11	1
5	111	5
5	40	4
5	63	11
5	62	3
111	111	3705
111	5	149
111	18	130
111	2	128
111	168	136
111	63	13
40	95	3
43	108	4
51	106	6
25	43	7
25	35	12
25	15	33
35	43	2
5	17	2
111	39	145
111	40	136
111	27	137
111	170	136
111	171	138
143	39	62
143	144	216
143	143	634
39	30	5
144	144	25214
144	39	1163
144	30	486
144	64	381
5	64	6
5	66	18
144	143	481
64	139	6
64	66	9
5	69	4
145	39	602
145	71	86
145	145	792
145	66	172
66	25	5
66	68	4
64	172	2
64	45	6
64	152	7
64	73	6
64	151	2
64	173	3
37	39	1
69	69	7
69	39	3
69	30	2
69	65	3
64	30	22
64	5	7
95	5	63
95	95	771
95	93	17
95	94	17
95	96	17
95	56	17
95	97	17
95	99	17
95	98	17
95	100	17
95	101	17
95	88	17
95	102	17
95	103	17
95	87	17
95	104	17
95	105	17
95	106	17
95	107	20
95	108	17
95	109	17
95	110	17
95	111	17
95	112	34
95	113	17
95	114	17
95	115	17
95	116	17
95	117	17
95	118	17
95	119	17
95	120	17
95	121	17
95	122	17
95	123	17
95	125	17
95	124	17
95	127	17
95	126	17
95	128	17
95	129	17
95	130	17
95	131	17
95	133	17
95	132	17
95	135	17
95	134	17
95	57	17
95	136	17
64	174	4
64	33	4
94	5	1
94	94	2
94	93	1
94	95	1
94	96	1
94	56	1
94	97	1
94	99	1
94	98	1
94	100	1
94	101	1
94	88	1
94	102	1
94	103	1
94	87	1
94	104	1
94	105	1
94	106	1
94	107	1
94	108	1
94	109	1
94	110	1
94	111	1
94	112	2
94	113	1
94	114	1
94	115	1
94	116	1
94	117	1
94	118	1
94	119	1
94	120	1
94	121	1
94	122	1
94	123	1
94	125	1
94	124	1
94	127	1
94	126	1
94	128	1
94	129	1
94	130	1
94	131	1
94	133	1
94	132	1
94	135	1
94	134	1
94	57	1
94	136	1
111	93	12
111	94	12
111	95	12
111	96	12
111	56	15
111	97	12
111	99	12
111	98	12
111	100	12
111	101	12
111	88	12
111	102	12
111	103	12
111	87	12
111	104	12
111	105	12
111	106	12
111	107	15
111	108	12
111	109	12
111	110	12
111	112	24
111	113	12
111	114	12
111	115	12
111	116	12
111	117	12
111	118	12
111	119	12
111	120	12
111	121	12
111	122	12
111	123	12
111	125	12
111	124	12
111	127	12
111	126	12
111	128	12
111	129	12
111	130	12
111	131	12
111	133	12
111	132	12
111	135	12
111	134	12
111	57	16
111	136	12
147	147	624560
147	39	8617
147	37	1717
147	144	874
147	64	12776
147	65	3416
147	67	1714
5	39	32
5	71	7
107	116	4
107	117	4
107	118	4
107	119	4
107	120	4
107	121	4
107	122	4
107	123	4
107	112	8
107	125	4
107	124	4
107	127	4
107	126	4
107	128	4
107	129	4
107	130	4
107	131	4
107	133	4
107	132	4
107	135	4
107	134	4
107	57	4
107	136	4
107	5	15
107	107	115
107	93	4
107	94	4
107	95	4
107	96	4
107	56	4
107	97	4
107	99	4
107	98	4
107	100	4
107	101	4
107	88	4
107	102	4
107	103	4
107	87	4
107	104	4
107	105	4
107	106	4
107	108	4
107	109	4
107	110	4
107	111	4
107	113	4
107	114	4
107	115	4
109	109	1358
109	5	89
109	168	76
2	22	14
20	175	2
148	20	21
149	5	106
150	5	30
150	150	1
9	177	8
151	5	58
151	151	7
151	112	4
149	149	10
9	51	4
152	5	46
152	152	9
47	139	1
49	25	1
49	157	1
9	178	13
47	179	4
5	180	1
154	154	24
154	49	8
157	5	53
157	90	2
157	157	5
153	153	1
158	5	22
158	158	1
159	5	48
159	49	1
159	159	2
9	139	1
160	160	9715
160	181	472
5	175	8
81	81	105
53	7	4
81	53	13
43	79	1
87	5	38
87	87	512
87	93	3
87	94	3
87	95	3
87	96	3
87	56	3
87	97	3
87	99	3
87	98	3
87	100	3
87	101	3
87	88	3
87	102	3
87	103	3
87	104	3
87	105	3
87	106	3
87	107	3
87	108	3
87	109	3
87	110	3
87	111	3
87	112	6
87	113	3
87	114	3
87	115	3
87	116	3
87	117	3
87	118	3
87	119	3
87	120	3
87	121	3
87	122	3
87	123	3
87	125	3
87	124	3
87	127	3
87	126	3
87	128	3
87	129	3
87	130	3
87	131	3
87	133	3
87	132	3
87	135	3
87	134	3
87	57	5
87	136	3
7	182	1
7	149	5
7	183	2
7	45	31
7	89	1
7	38	2
7	73	1
5	151	1
169	169	3798
169	185	217
168	5	54
168	168	3
169	5	209
169	112	209
25	5	35
90	90	9
141	3	68
141	2	34
3	49	20
3	168	1
57	118	9
57	119	9
57	120	9
57	121	9
57	122	9
57	123	9
57	112	18
57	125	9
57	124	9
57	127	9
57	126	9
57	128	9
57	129	9
57	130	9
57	131	9
57	133	9
57	132	9
57	135	9
57	134	9
57	136	9
57	93	9
57	94	9
57	95	9
57	96	9
57	56	9
57	97	9
57	99	9
57	98	9
57	100	9
57	101	9
57	88	9
57	102	9
57	103	9
57	87	9
57	104	9
57	105	9
57	106	9
57	107	9
57	108	9
57	109	9
57	110	9
57	111	9
57	113	9
57	114	9
57	115	9
57	116	9
57	117	9
5	4	1
18	36	2
114	114	41326
114	5	637
114	168	624
109	3	233
109	141	72
33	25	6
104	104	44620
104	5	806
33	3	3
33	37	10
104	189	790
104	187	791
104	188	790
104	168	790
5	145	5
5	97	1
5	190	3
5	192	12
5	123	3
5	93	3
171	5	56
170	5	43
171	171	5
170	170	3
111	51	2
95	65	46
95	70	45
95	35	47
95	30	49
95	39	47
95	168	46
5	110	5
111	73	3
17	17	2
108	108	2540
108	5	138
106	106	3996
106	5	146
108	35	27
108	25	5
106	2	139
106	9	139
106	10	139
108	51	3
106	141	139
106	3	152
108	142	139
106	168	142
108	168	131
143	37	1
143	64	2
143	66	1
144	195	8
144	5	112
64	143	750
5	196	1
5	30	1
5	152	1
66	37	6
172	5	141
172	172	20
45	113	4
152	126	6
173	51	2
173	25	30
173	3	2
95	197	1
5	65	12
64	42	12
2	39	11
39	170	1
39	31	6
39	198	1
147	5	9
5	67	4
5	37	7
147	172	2
147	45	7
147	152	7
147	42	14
147	139	4
65	67	1
65	64	1
65	37	3
65	66	1
65	71	1
65	145	1
65	49	1
65	30	1
65	144	1
147	30	25
147	38	8
147	66	8
5	108	7
5	79	17
147	73	6
147	31	1
147	174	6
147	33	1
147	143	834
109	136	13
109	93	13
109	94	13
109	95	13
109	96	13
109	56	13
109	97	13
109	99	13
109	98	13
109	100	13
109	101	13
109	88	13
109	102	13
109	103	13
109	87	13
109	104	13
109	105	14
109	106	13
109	107	13
109	108	13
109	110	13
109	111	13
109	112	26
109	113	13
109	114	13
109	115	13
109	116	13
109	117	13
109	118	13
109	119	13
109	120	13
109	121	13
109	122	13
109	123	13
109	125	13
109	124	13
109	127	13
109	126	13
109	128	13
109	129	13
109	130	13
109	131	13
109	133	13
109	132	13
109	135	13
109	134	13
109	57	14
5	113	2
5	149	10
5	105	8
9	199	6
177	5	32
177	177	8
112	5	29
112	112	245
112	93	12
112	94	12
112	95	12
112	96	12
112	56	12
112	97	12
112	99	12
112	98	12
112	100	12
112	101	12
112	88	12
112	102	12
112	103	12
112	87	12
112	104	12
112	105	13
112	106	12
112	107	13
112	108	12
112	109	12
112	110	12
112	111	12
112	113	12
112	114	12
112	115	12
112	116	12
112	117	12
112	118	12
112	119	12
112	120	12
112	121	12
112	122	12
112	123	12
112	125	12
112	124	12
151	89	1
112	127	12
112	126	12
112	128	12
112	129	12
151	169	1
112	130	12
112	131	12
112	133	12
112	132	12
112	135	12
112	134	12
151	25	4
112	57	12
112	136	12
178	59	4
178	178	2
178	47	4
49	189	1
49	141	1
5	171	2
157	102	2
180	153	1
180	200	1
49	201	1
177	110	7
9	202	7
160	54	421
2	172	4
2	53	7
2	202	2
181	5	53
181	181	7
181	97	3
160	203	2
2	152	4
5	53	9
5	114	9
114	56	15
3	16	1
31	119	2
114	123	13
114	93	13
114	94	13
114	95	13
114	96	13
114	97	13
114	99	13
114	98	13
114	100	13
114	101	13
114	88	13
114	102	13
114	103	13
114	87	13
114	104	13
114	105	13
114	106	13
114	107	13
114	108	13
114	109	13
114	110	13
114	111	13
114	112	26
114	113	13
114	115	13
114	116	13
114	117	13
114	118	13
114	119	13
114	120	13
114	121	13
114	122	13
114	125	13
114	124	13
114	127	13
114	126	13
114	128	13
114	129	13
114	130	13
114	131	13
114	133	13
114	132	13
114	135	13
114	134	13
114	57	13
114	136	13
5	119	2
25	164	4
25	44	8
33	35	2
104	93	16
104	94	16
104	95	16
104	96	16
104	56	16
104	97	16
104	99	16
104	98	16
104	100	16
104	101	16
104	88	16
104	102	16
104	103	16
104	87	16
104	105	17
104	106	16
104	107	17
104	108	16
104	109	16
104	110	16
104	111	16
104	112	32
104	113	16
104	114	16
104	115	16
104	116	16
104	117	16
104	118	16
104	119	16
104	120	16
104	121	16
104	122	16
104	123	16
104	125	16
104	124	16
104	127	16
104	126	16
104	128	16
104	129	16
104	130	16
104	131	16
104	133	16
104	132	16
104	135	16
104	134	16
104	57	19
104	136	16
33	20	3
33	4	3
188	5	21
187	5	25
189	5	42
188	188	1
189	3	46
189	204	2
189	205	2
187	187	1
189	189	5
5	206	1
5	36	2
5	15	3
97	108	1
97	109	1
97	110	1
97	111	1
97	112	2
97	113	1
97	114	1
97	115	1
97	116	1
97	117	1
97	118	1
97	119	1
97	120	1
97	121	1
97	122	1
97	123	1
97	125	1
97	124	1
97	127	1
97	126	1
97	128	1
97	129	1
97	130	1
97	131	1
97	133	1
97	132	1
97	135	1
97	134	1
97	57	1
97	136	1
5	47	7
97	5	2
97	97	4
97	93	1
97	94	1
97	95	1
97	96	1
97	56	1
97	99	1
97	98	1
97	100	1
97	101	1
97	88	2
97	102	1
97	103	1
97	87	1
97	104	1
97	105	1
97	106	1
97	107	1
5	189	1
3	172	5
190	5	100
5	121	3
190	190	11
192	5	12
123	5	2
123	123	4
123	93	2
123	94	2
123	95	2
123	96	2
123	56	2
123	97	2
123	99	2
123	98	2
123	100	2
123	101	2
123	88	2
123	102	2
123	103	2
123	87	2
123	104	2
123	105	2
123	106	2
123	107	2
123	108	2
123	109	2
123	110	2
123	111	2
123	112	4
123	113	2
123	114	2
123	115	2
123	116	2
123	117	2
123	118	2
123	119	2
123	120	2
123	121	2
123	122	2
123	125	2
123	124	2
123	127	2
123	126	2
123	128	2
123	129	2
123	130	2
123	131	2
123	133	2
123	132	2
123	135	2
123	134	2
123	57	2
123	136	2
3	198	4
93	43	285
93	168	285
36	11	1
111	193	7
111	207	1
5	100	3
95	51	1
73	73	3
108	3	10
5	19	5
143	195	108
143	30	9
195	39	184
195	30	78
195	143	71
195	195	3530
195	64	5
144	37	5
144	69	1
144	70	1
144	35	1
144	65	16
144	66	1
144	67	2
144	68	1
144	40	3
144	72	1
144	71	1
144	3	3
5	124	2
64	159	5
64	208	7
25	17	159
25	66	28
126	113	5
197	35	1
197	146	1
197	30	1
197	40	1
197	39	1
197	70	2
42	107	8
25	39	6
2	67	2
7	39	24
2	65	1
64	38	7
39	144	2
198	5	28
198	198	4
198	104	1
39	195	4
65	68	1
5	107	5
147	209	2
108	93	7
108	94	7
108	95	7
108	96	7
108	56	8
108	97	7
108	99	7
108	98	7
108	100	7
108	101	7
108	88	7
108	102	7
108	103	7
108	87	7
108	104	7
108	105	7
108	106	7
108	107	7
108	109	7
108	110	7
108	111	7
108	112	14
108	113	7
108	114	7
108	115	7
108	116	7
108	117	7
108	118	7
108	119	7
108	120	7
108	121	7
108	122	7
108	123	7
108	125	7
108	124	7
108	127	7
108	126	7
108	128	7
108	129	7
108	130	7
108	131	7
108	133	7
108	132	7
108	135	7
108	134	7
108	57	8
108	136	7
5	210	5
5	211	1
5	212	1
1	1	8
5	58	1
147	208	3
147	195	8
113	5	8
113	113	21
113	93	4
113	94	4
113	95	4
113	96	4
113	56	4
113	97	4
113	99	4
113	98	4
113	100	4
113	101	4
113	88	4
113	102	4
113	103	4
113	87	4
113	104	4
113	105	4
113	106	4
113	107	4
113	108	4
113	109	4
113	110	4
113	111	4
113	112	8
113	114	4
113	115	4
113	116	4
113	117	4
113	118	4
113	119	4
113	120	4
113	121	4
113	122	4
113	123	4
113	125	4
113	124	4
113	127	4
113	126	4
113	128	4
113	129	4
113	130	4
113	131	4
113	133	4
113	132	4
113	135	4
113	134	4
113	57	5
113	136	4
20	5	3
20	11	2
105	105	285
105	5	14
105	213	9
105	183	9
105	168	9
105	31	1
3	149	15
9	172	45
9	141	3
47	49	11
9	214	11
9	190	1
47	2	3
47	88	1
189	21	1
49	172	3
102	88	1
49	65	1
156	88	2
2	45	35
201	168	2
201	141	2
201	201	13
201	49	8
201	47	2
201	180	2
110	88	15
202	5	30
202	3	1
202	202	6
9	39	13
49	39	2
5	102	2
202	128	2
54	77	25
172	124	7
7	215	7
54	161	1
7	172	20
7	202	23
7	152	13
160	45	2
160	5	2
160	149	2
160	216	15
152	149	1
160	217	2
160	218	1
203	88	1
160	219	1
10	220	2
10	5	2
25	104	5
5	106	3
78	221	6
78	47	41
78	222	7
78	39	6
77	33	1
161	59	89
161	161	61
161	47	183
78	223	14
26	23	1
5	224	1
166	53	2
166	166	1
83	54	2
9	171	7
9	189	14
25	108	1
9	142	4
54	92	2
54	93	2
54	94	2
54	95	2
54	96	2
54	56	2
54	97	2
54	99	2
54	98	2
54	100	2
54	101	2
54	102	2
54	103	2
54	87	2
54	104	2
54	105	2
54	106	2
54	107	2
54	108	2
54	109	2
54	110	2
54	111	2
54	112	5
54	113	2
54	114	2
54	115	2
54	116	2
54	117	2
54	118	2
54	119	2
54	120	2
54	121	2
54	122	2
54	123	2
54	125	2
54	124	2
54	127	2
54	126	2
54	128	2
54	129	2
54	130	2
54	131	2
54	133	2
54	132	2
54	135	2
54	134	2
54	57	2
54	136	2
44	3	4
44	164	2
7	181	15
7	225	24
7	226	12
89	227	1
182	5	26
182	149	1
182	105	1
149	7	24
149	2	2
183	5	36
183	25	1
183	183	3
38	42	2
112	3	18
112	168	17
5	120	1
5	157	1
7	228	1
7	171	2
7	65	6
7	151	2
5	115	2
47	55	1
25	11	9
25	16	5
57	54	1
57	157	2
57	50	1
57	61	1
57	182	1
57	51	1
57	73	1
57	43	1
57	44	1
57	177	1
57	30	1
57	151	1
57	45	1
57	139	1
11	9	5
119	119	821
119	5	38
119	229	38
119	168	38
27	3	2
109	164	4
3	38	1
14	138	2
5	41	1
33	88	1
33	47	10
33	59	4
5	230	1
33	27	4
33	11	7
33	78	2
33	231	3
204	204	5
204	189	2
205	59	2
205	205	1
205	47	1
33	2	5
33	9	3
5	125	2
206	206	2
5	18	1
5	70	2
3	7	1
5	181	1
5	99	1
5	98	2
5	101	1
5	232	1
87	2	36
87	190	35
87	202	35
87	168	35
5	45	3
3	43	4
3	54	21
93	19	7
93	3	1
93	51	1
111	233	6
111	234	6
193	5	2
193	193	2
111	3	2
207	30	18
207	73	17
207	45	17
207	207	159
111	50	2
111	42	2
111	64	2
111	37	3
100	100	224
100	5	13
100	168	13
106	56	4
111	65	5
107	30	10
107	157	1
107	52	11
107	236	11
107	172	12
107	168	11
95	3	2
2	177	2
5	177	10
106	78	2
106	33	95
106	238	2
106	25	3
108	79	6
108	239	1
108	173	1
106	23	1
108	19	2
108	139	3
106	181	2
106	177	2
106	6	1
106	241	1
143	242	2
195	144	57
195	149	1
195	42	2
195	73	2
195	174	2
143	65	2
144	149	1
144	42	2
144	243	2
144	242	2
39	4	1
39	174	2
144	244	2
144	198	2
124	5	21
124	124	196
124	93	4
124	94	4
124	95	4
124	96	4
124	56	4
124	97	4
124	99	4
124	98	4
124	100	4
124	101	4
124	88	4
124	102	4
124	103	4
124	87	4
124	104	4
124	105	6
124	106	4
124	107	4
124	108	4
124	109	4
124	110	4
124	111	4
124	112	8
124	113	4
124	114	4
124	115	4
124	116	4
124	117	4
124	118	4
124	119	4
124	120	4
124	121	4
124	122	4
124	123	4
124	125	4
124	127	4
124	126	4
124	128	4
124	129	4
124	130	4
124	131	4
124	133	4
124	132	4
124	135	4
124	134	4
124	57	4
124	136	4
64	215	1
64	245	1
159	50	2
159	87	2
208	149	1
208	105	1
208	5	1
5	234	1
126	104	3
126	105	4
126	106	3
126	107	3
126	108	3
126	109	3
126	110	3
126	111	3
126	112	6
126	114	3
126	115	3
126	116	3
126	117	3
126	118	3
126	119	3
126	120	3
126	121	3
126	122	3
126	123	3
126	125	3
126	124	3
126	127	3
126	126	6
126	128	3
126	129	3
126	130	3
126	131	3
126	133	3
126	132	3
126	135	3
126	134	3
126	57	3
126	136	3
126	5	3
126	93	3
126	94	3
126	95	3
126	96	3
126	56	3
126	97	3
126	99	3
126	98	3
126	100	3
126	101	3
126	88	3
126	102	3
126	103	3
126	87	3
5	68	1
39	2	2
64	231	1
64	31	2
147	231	2
110	110	96
110	5	19
110	168	5
5	246	3
209	5	42
209	198	2
209	104	2
147	173	4
210	59	3
210	210	2
210	47	6
119	107	1
212	212	10
5	164	3
64	195	2
105	93	5
105	94	5
105	95	5
105	96	5
105	56	5
105	97	5
105	99	5
105	98	5
105	100	5
105	101	5
105	88	5
105	102	5
105	103	5
105	87	5
105	104	5
105	106	5
105	107	6
105	108	5
105	109	5
105	110	5
105	111	5
105	112	10
105	113	5
105	114	5
105	115	5
105	116	5
105	117	5
105	118	5
105	119	5
105	120	5
105	121	5
105	122	5
105	123	5
105	125	5
105	124	5
105	127	5
105	126	5
105	128	5
105	129	5
105	130	5
105	131	5
105	133	5
105	132	5
105	135	5
105	134	5
105	57	6
105	136	5
213	5	33
213	3	1
213	213	2
149	3	12
149	105	2
110	105	16
47	247	1
47	79	1
47	210	1
47	178	1
47	21	1
47	205	1
47	78	1
47	248	1
47	249	1
47	13	1
47	38	1
47	25	1
47	251	1
47	252	1
47	253	1
47	204	1
47	254	1
47	15	1
47	201	1
5	77	9
5	54	2
9	82	5
190	50	2
47	105	2
47	255	4
45	2	1
45	3	1
25	49	6
102	105	1
2	256	2
5	257	1
128	105	1
2	258	1
54	3	67
2	54	1
2	181	1
2	25	1
160	259	1
218	105	1
160	260	3
160	261	4
219	105	1
217	105	1
2	47	2
10	47	2
10	49	2
10	222	8
10	51	1
25	42	1
25	262	1
5	263	4
5	33	7
5	264	2
5	44	1
5	265	1
5	241	1
77	3	2
77	25	1
78	231	26
221	221	12
221	47	6
222	5	16
222	222	2
78	3	13
78	55	13
223	223	74
223	231	10
5	267	1
5	254	1
5	92	4
5	38	5
38	268	1
38	38	3
224	224	120451
53	2	3
53	49	3
53	54	2
80	81	1
82	141	1
82	269	1
82	9	1
84	270	1
84	54	1
80	271	1
171	25	6
171	123	2
9	228	5
9	272	1
2	44	1
81	7	1
25	183	1
25	149	5
88	88	292
88	181	23
88	53	24
88	168	23
88	5	33
54	160	1
225	5	22
225	226	1
225	225	2
225	1	1
226	226	1
5	136	1
50	7	1
44	2	1
88	93	10
88	94	10
88	95	10
88	96	10
88	56	10
88	97	10
88	99	10
88	98	10
88	100	10
88	101	10
88	102	10
88	103	10
88	87	10
88	104	10
88	105	11
88	106	10
88	107	11
88	108	10
88	109	10
88	110	10
88	111	10
107	3	1
88	112	20
88	113	10
107	199	1
88	114	10
88	115	10
43	149	1
88	116	10
88	117	10
88	118	10
88	119	10
88	120	10
88	121	10
88	122	10
88	123	10
88	125	10
88	124	10
88	127	10
88	126	10
88	128	10
88	129	10
88	130	10
88	131	10
88	133	10
88	132	10
88	135	10
88	134	10
88	57	10
88	136	10
113	54	4
113	225	4
113	152	4
113	228	4
113	168	4
227	89	1
169	89	1
185	59	1
185	185	8
185	47	24
112	273	1
112	89	1
5	135	2
5	153	1
192	192	7
49	14	1
49	151	1
5	229	1
7	30	1
7	214	3
7	189	3
54	25	1
54	2	6
5	231	1
228	5	34
228	228	2
228	127	1
7	177	1
7	198	1
151	149	1
115	5	2
115	115	3
115	93	1
115	94	1
115	95	1
115	96	1
115	56	1
115	97	1
115	99	1
115	98	1
115	100	1
115	101	1
115	88	1
115	102	1
115	103	1
115	87	1
115	104	1
115	105	1
115	106	1
115	107	1
115	108	1
115	109	1
115	110	1
115	111	1
115	112	2
115	113	1
115	114	1
115	116	1
115	117	1
115	118	1
115	119	1
115	120	1
115	121	1
115	122	1
115	123	1
115	125	1
115	124	1
115	127	1
115	126	1
115	128	1
115	129	1
115	130	1
115	131	1
115	133	1
115	132	1
115	135	1
115	134	1
115	57	1
115	136	1
25	27	2
182	182	1
229	5	13
229	229	1
109	139	1
109	275	1
33	211	1
230	230	1
33	62	4
104	30	1
104	3	3
104	41	1
231	231	252
231	78	33
125	125	2747
125	5	60
125	3	119
125	39	60
125	209	60
125	168	60
5	173	1
56	4	10
56	18	10
56	20	10
56	3	10
56	168	11
56	141	10
56	30	11
124	42	17
124	276	17
124	246	17
124	168	17
5	128	1
121	121	249
121	5	21
121	168	21
2	220	2
3	151	3
54	181	1
54	53	2
54	168	2
5	277	3
93	78	2
234	234	5
234	30	6
111	278	1
111	46	1
111	235	1
111	198	1
100	30	2
100	3	1
111	279	1
236	5	20
236	3	1
95	146	1
236	236	1
30	3	1
25	79	2
108	240	2
108	199	1
142	3	1
108	280	1
142	93	2
181	3	45
181	21	1
108	62	15
106	57	4
241	241	9
241	33	3
242	242	2
143	174	3
143	42	2
143	159	2
143	209	2
143	46	2
143	171	2
143	3	2
73	3	1
195	281	1
149	182	1
195	37	1
243	242	1
174	174	2
124	62	3
5	174	1
114	62	2
234	73	1
25	37	4
7	67	2
110	102	14
110	103	14
110	87	14
110	104	14
110	93	14
110	106	14
110	94	14
110	107	14
110	95	14
110	108	14
110	96	14
110	109	14
110	56	14
110	97	14
110	111	14
110	99	14
110	112	28
110	98	14
110	113	14
110	100	14
110	114	14
110	101	14
110	115	14
110	116	14
110	117	14
110	118	14
110	119	14
110	133	14
110	132	14
110	135	14
110	134	14
110	57	14
110	136	14
110	120	14
110	121	14
110	122	14
110	123	14
110	125	14
110	124	14
110	127	14
110	126	14
110	128	14
110	129	14
110	130	14
110	131	14
2	189	1
246	246	63
246	282	15
246	276	4
246	172	14
5	283	2
147	245	1
105	62	26
9	11	2
251	251	1
252	252	4
252	192	2
253	253	5
253	192	3
254	254	1
254	47	3
5	126	1
49	50	1
49	190	1
49	181	1
49	285	2
201	62	2
110	62	1
128	62	1
49	44	1
7	256	1
257	257	1
215	215	6
215	172	3
216	216	7
160	286	2
258	62	1
7	25	5
160	287	2
2	42	2
160	46	2
25	152	1
259	62	1
260	62	1
261	62	1
160	211	1
10	288	1
222	96	1
51	1	1
262	262	4
5	238	1
1	169	1
106	117	1
106	118	1
106	119	1
106	120	1
106	121	1
106	122	1
106	123	1
106	112	2
106	125	1
106	124	1
106	127	1
106	126	1
106	128	1
106	129	1
106	130	1
106	131	1
106	133	1
106	132	1
106	135	1
106	134	1
106	136	1
106	93	1
106	94	1
106	95	1
106	96	1
106	97	1
106	99	1
106	98	1
106	100	1
106	101	1
106	88	1
106	102	1
106	103	1
106	87	1
106	104	1
106	105	1
106	107	1
106	108	1
106	109	1
106	110	1
106	111	1
106	113	1
106	114	1
106	115	1
106	116	1
264	264	1
264	27	1
265	265	1
231	51	6
5	96	2
267	267	3
267	172	2
92	92	216
92	5	22
92	224	16
92	42	15
92	73	15
92	168	15
5	290	1
53	270	1
53	182	1
54	7	1
82	3	1
82	5	4
82	49	1
53	3	1
272	5	12
272	272	1
9	277	1
9	181	1
81	77	1
97	168	1
89	268	1
273	57	12
273	273	1
273	5	1
112	2	1
112	33	1
7	160	1
135	135	2
135	5	2
135	168	2
102	102	1
102	5	1
102	49	1
102	272	1
102	168	1
1	57	1
7	272	1
7	61	1
5	118	1
115	168	1
115	3	2
115	18	1
3	30	2
47	51	1
3	157	1
3	50	1
3	45	1
57	193	1
57	46	1
57	234	1
13	5	1
13	36	1
114	45	1
114	3	2
114	51	1
275	5	22
275	89	1
275	169	1
275	25	4
275	275	1
109	89	1
104	173	1
35	17	1
104	149	1
33	153	1
187	41	1
5	205	2
5	204	1
125	205	1
209	209	2
56	11	5
56	206	1
56	14	2
98	132	1
98	5	1
98	98	2
98	93	1
98	94	1
98	95	1
98	96	1
98	56	1
98	97	1
98	99	1
98	100	1
98	101	1
98	88	1
98	102	1
98	103	1
98	87	1
98	104	1
98	105	1
98	106	1
98	107	1
98	108	1
98	109	1
98	110	1
98	111	1
98	112	2
98	113	1
98	114	1
98	115	1
98	116	1
98	117	1
98	118	1
98	119	1
98	120	1
98	121	1
98	122	1
98	123	1
98	125	1
98	124	1
98	127	1
98	126	1
98	128	1
98	129	1
98	130	1
98	131	1
98	133	1
98	135	1
98	134	1
98	57	1
98	136	1
124	152	1
124	215	2
124	3	1
124	200	1
124	225	1
124	49	1
276	283	1
246	73	2
276	172	1
276	246	1
276	38	1
128	128	1
128	5	1
128	159	1
128	168	1
1	171	1
2	49	6
192	253	1
192	252	1
277	277	3
93	277	1
111	36	1
111	70	1
111	4	1
278	57	1
111	33	43
235	33	1
234	39	2
234	64	2
87	33	1
207	3	1
107	33	9
100	33	17
95	33	8
110	33	5
102	33	1
108	33	52
240	33	2
93	33	2
114	33	2
195	40	2
281	204	1
281	189	1
195	3	1
195	198	1
195	171	1
195	172	1
195	46	1
195	5	50
143	168	1
144	281	1
39	193	1
144	171	1
144	172	1
144	46	1
144	168	1
5	215	3
107	234	2
64	225	1
64	209	2
147	215	1
147	159	3
147	225	3
147	151	1
92	93	7
92	94	7
92	95	7
92	96	7
92	56	7
92	97	7
92	99	7
92	98	7
92	100	7
92	101	7
92	88	7
92	102	7
92	103	7
92	87	7
92	104	7
92	105	7
92	106	7
92	107	7
92	108	7
92	109	7
92	110	7
92	111	7
92	112	14
92	113	7
92	114	7
92	115	7
92	116	7
92	117	7
92	118	7
92	119	7
92	120	7
92	121	7
92	122	7
92	123	7
92	125	7
92	124	7
92	127	7
92	126	7
92	128	7
92	129	7
92	130	7
92	131	7
92	133	7
92	132	7
92	135	7
92	134	7
92	57	7
92	136	7
5	276	1
282	172	5
282	73	5
282	246	5
283	276	1
111	139	1
5	183	1
253	55	1
253	47	1
9	3	1
9	256	1
286	160	23
286	286	1
286	181	1
2	214	2
172	2	1
152	25	1
54	21	1
96	5	2
96	3	1
96	168	1
51	238	1
51	33	2
3	36	1
5	10	2
231	5	1
96	96	2
96	93	1
96	94	1
96	95	1
96	56	1
96	97	1
96	99	1
96	98	1
96	100	1
96	101	1
96	88	1
96	102	1
96	103	1
96	87	1
96	104	1
96	105	1
96	106	1
96	107	1
96	108	1
96	109	1
96	110	1
96	111	1
96	112	2
96	113	1
96	114	1
96	115	1
96	116	1
96	117	1
96	118	1
96	119	1
96	120	1
96	121	1
96	122	1
96	123	1
96	125	1
96	124	1
96	127	1
96	126	1
96	128	1
96	129	1
96	130	1
96	131	1
96	133	1
96	132	1
96	135	1
96	134	1
96	57	1
96	136	1
78	198	1
78	50	1
78	30	1
92	51	1
290	290	1
92	45	1
224	172	1
